<ImportExportXml xmlns:xsi="http://www.w3.org/2001/XMLSchema-instance">
  <Entities></Entities>
  <Roles></Roles>
  <Workflows></Workflows>
  <FieldSecurityProfiles></FieldSecurityProfiles>
  <Templates />
  <RibbonDiffXml>
    <CustomActions>
      <CustomAction Id="simorc.ApplicationRibbon.SecurityRolesChecker.Button.CustomAction" Location="Mscrm.BasicHomeTab.Tools.Controls._children" Sequence="42">
        <CommandUIDefinition>
          <Button Alt="$LocLabels:simorc.ApplicationRibbon.SecurityRolesChecker.Button.Alt" Command="simorc.ApplicationRibbon.SecurityRolesChecker.Command" Id="simorc.ApplicationRibbon.SecurityRolesChecker.Button" Image32by32="$webresource:simorc_/SRC/images/logo32.png" Image16by16="$webresource:simorc_/SRC/images/logo16.png" LabelText="$LocLabels:simorc.ApplicationRibbon.SecurityRolesChecker.Button.LabelText" Sequence="42" TemplateAlias="isv" ToolTipTitle="$LocLabels:simorc.ApplicationRibbon.SecurityRolesChecker.Button.ToolTipTitle" ToolTipDescription="$LocLabels:simorc.ApplicationRibbon.SecurityRolesChecker.Button.ToolTipDescription" />
        </CommandUIDefinition>
      </CustomAction>
    </CustomActions>
    <Templates>
      <RibbonTemplates Id="Mscrm.Templates"></RibbonTemplates>
    </Templates>
    <CommandDefinitions>
      <CommandDefinition Id="simorc.ApplicationRibbon.SecurityRolesChecker.Command">
        <EnableRules />
        <DisplayRules>
          <DisplayRule Id="simorc.ApplicationRibbon.SecurityRolesChecker.DisplayRule" />
        </DisplayRules>
        <Actions>
          <Url Address="/WebResources/simorc_/SRC/html/SecurityRolesCheck.htm" WinMode="0" PassParams="false" />
        </Actions>
      </CommandDefinition>
    </CommandDefinitions>
    <RuleDefinitions>
      <TabDisplayRules />
      <DisplayRules>
        <DisplayRule Id="simorc.ApplicationRibbon.SecurityRolesChecker.DisplayRule">
          <MiscellaneousPrivilegeRule PrivilegeName="DeleteSolution" PrivilegeDepth="Global" Default="false" InvertResult="false" />
        </DisplayRule>
      </DisplayRules>
      <EnableRules />
    </RuleDefinitions>
    <LocLabels>
      <LocLabel Id="simorc.ApplicationRibbon.SecurityRolesChecker.Button.Alt">
        <Titles>
          <Title description="Security Roles Checker" languagecode="1033" />
        </Titles>
      </LocLabel>
      <LocLabel Id="simorc.ApplicationRibbon.SecurityRolesChecker.Button.LabelText">
        <Titles>
          <Title description="SimorC Roles Checker" languagecode="1033" />
        </Titles>
      </LocLabel>
      <LocLabel Id="simorc.ApplicationRibbon.SecurityRolesChecker.Button.ToolTipDescription">
        <Titles>
          <Title description="Security Roles Checker" languagecode="1033" />
        </Titles>
      </LocLabel>
      <LocLabel Id="simorc.ApplicationRibbon.SecurityRolesChecker.Button.ToolTipTitle">
        <Titles>
          <Title description="Security Roles Checker" languagecode="1033" />
        </Titles>
      </LocLabel>
    </LocLabels>
  </RibbonDiffXml>
  <EntityMaps />
  <EntityRelationships />
  <OrganizationSettings />
  <optionsets />
  <WebResources>
    <WebResource>
      <WebResourceId>{e300e159-1e94-e811-811a-1458d0431600}</WebResourceId>
      <Name>simorc_/SRC/html/SecurityRolesCheck.htm</Name>
      <DisplayName>SRC - HTML/SecurityRolesCheck.htm</DisplayName>
      <WebResourceType>1</WebResourceType>
      <IntroducedVersion>0.4.13.8</IntroducedVersion>
      <IsEnabledForMobileClient>0</IsEnabledForMobileClient>
      <IsAvailableForMobileOffline>0</IsAvailableForMobileOffline>
      <DependencyXml>&lt;Dependencies&gt;&lt;Dependency componentType="WebResource"/&gt;&lt;/Dependencies&gt;</DependencyXml>
      <IsCustomizable>1</IsCustomizable>
      <CanBeDeleted>1</CanBeDeleted>
      <IsHidden>0</IsHidden>
      <FileName>/WebResources/simorc_SRChtmlSecurityRolesCheckhtmE300E159-1E94-E811-811A-1458D0431600</FileName>
    </WebResource>
    <WebResource>
      <WebResourceId>{4e58915c-f193-e811-811b-3863bb35ff48}</WebResourceId>
      <Name>simorc_/SRC/fonts/FontAwesome.otf.css</Name>
      <DisplayName>SRC - Fonts/FontAwesome.otf.css</DisplayName>
      <WebResourceType>2</WebResourceType>
      <IntroducedVersion>0.4.13.8</IntroducedVersion>
      <IsEnabledForMobileClient>0</IsEnabledForMobileClient>
      <IsAvailableForMobileOffline>0</IsAvailableForMobileOffline>
      <DependencyXml>&lt;Dependencies&gt;&lt;Dependency componentType="WebResource"/&gt;&lt;/Dependencies&gt;</DependencyXml>
      <IsCustomizable>1</IsCustomizable>
      <CanBeDeleted>1</CanBeDeleted>
      <IsHidden>0</IsHidden>
      <FileName>/WebResources/simorc_SRCfontsFontAwesomeotfcss4E58915C-F193-E811-811B-3863BB35FF48</FileName>
    </WebResource>
    <WebResource>
      <WebResourceId>{492cee80-f193-e811-811b-3863bb35ff48}</WebResourceId>
      <Name>simorc_/SRC/fonts/fontawesome_webfont.eot.css</Name>
      <DisplayName>SRC - Fonts/fontawesome_webfont.eot.css</DisplayName>
      <WebResourceType>2</WebResourceType>
      <IntroducedVersion>0.4.13.8</IntroducedVersion>
      <IsEnabledForMobileClient>0</IsEnabledForMobileClient>
      <IsAvailableForMobileOffline>0</IsAvailableForMobileOffline>
      <DependencyXml>&lt;Dependencies&gt;&lt;Dependency componentType="WebResource"/&gt;&lt;/Dependencies&gt;</DependencyXml>
      <IsCustomizable>1</IsCustomizable>
      <CanBeDeleted>1</CanBeDeleted>
      <IsHidden>0</IsHidden>
      <FileName>/WebResources/simorc_SRCfontsfontawesome_webfonteotcss492CEE80-F193-E811-811B-3863BB35FF48</FileName>
    </WebResource>
    <WebResource>
      <WebResourceId>{d7a50199-f193-e811-811b-3863bb35ff48}</WebResourceId>
      <Name>simorc_/SRC/fonts/fontawesome_webfont.svg.css</Name>
      <DisplayName>SRC - Fonts/fontawesome_webfont.svg.css</DisplayName>
      <WebResourceType>2</WebResourceType>
      <IntroducedVersion>0.4.13.8</IntroducedVersion>
      <IsEnabledForMobileClient>0</IsEnabledForMobileClient>
      <IsAvailableForMobileOffline>0</IsAvailableForMobileOffline>
      <DependencyXml>&lt;Dependencies&gt;&lt;Dependency componentType="WebResource"/&gt;&lt;/Dependencies&gt;</DependencyXml>
      <IsCustomizable>1</IsCustomizable>
      <CanBeDeleted>1</CanBeDeleted>
      <IsHidden>0</IsHidden>
      <FileName>/WebResources/simorc_SRCfontsfontawesome_webfontsvgcssD7A50199-F193-E811-811B-3863BB35FF48</FileName>
    </WebResource>
    <WebResource>
      <WebResourceId>{696668b1-f193-e811-811b-3863bb35ff48}</WebResourceId>
      <Name>simorc_/SRC/fonts/fontawesome_webfont.ttf.css</Name>
      <DisplayName>SRC - Fonts/fontawesome_webfont.ttf.css</DisplayName>
      <WebResourceType>2</WebResourceType>
      <IntroducedVersion>0.4.13.8</IntroducedVersion>
      <IsEnabledForMobileClient>0</IsEnabledForMobileClient>
      <IsAvailableForMobileOffline>0</IsAvailableForMobileOffline>
      <DependencyXml>&lt;Dependencies&gt;&lt;Dependency componentType="WebResource"/&gt;&lt;/Dependencies&gt;</DependencyXml>
      <IsCustomizable>1</IsCustomizable>
      <CanBeDeleted>1</CanBeDeleted>
      <IsHidden>0</IsHidden>
      <FileName>/WebResources/simorc_SRCfontsfontawesome_webfontttfcss696668B1-F193-E811-811B-3863BB35FF48</FileName>
    </WebResource>
    <WebResource>
      <WebResourceId>{01e16dcf-f193-e811-811b-3863bb35ff48}</WebResourceId>
      <Name>simorc_/SRC/fonts/fontawesome_webfont.woff.css</Name>
      <DisplayName>SRC - Fonts/fontawesome_webfont.woff.css</DisplayName>
      <WebResourceType>2</WebResourceType>
      <IntroducedVersion>0.4.13.8</IntroducedVersion>
      <IsEnabledForMobileClient>0</IsEnabledForMobileClient>
      <IsAvailableForMobileOffline>0</IsAvailableForMobileOffline>
      <DependencyXml>&lt;Dependencies&gt;&lt;Dependency componentType="WebResource"/&gt;&lt;/Dependencies&gt;</DependencyXml>
      <IsCustomizable>1</IsCustomizable>
      <CanBeDeleted>1</CanBeDeleted>
      <IsHidden>0</IsHidden>
      <FileName>/WebResources/simorc_SRCfontsfontawesome_webfontwoffcss01E16DCF-F193-E811-811B-3863BB35FF48</FileName>
    </WebResource>
    <WebResource>
      <WebResourceId>{5e7aa7e1-f193-e811-811b-3863bb35ff48}</WebResourceId>
      <Name>simorc_/SRC/fonts/fontawesome_webfont.woff2.css</Name>
      <DisplayName>SRC - Fonts/fontawesome_webfont.woff2.css</DisplayName>
      <WebResourceType>2</WebResourceType>
      <IntroducedVersion>0.4.13.8</IntroducedVersion>
      <IsEnabledForMobileClient>0</IsEnabledForMobileClient>
      <IsAvailableForMobileOffline>0</IsAvailableForMobileOffline>
      <DependencyXml>&lt;Dependencies&gt;&lt;Dependency componentType="WebResource"/&gt;&lt;/Dependencies&gt;</DependencyXml>
      <IsCustomizable>1</IsCustomizable>
      <CanBeDeleted>1</CanBeDeleted>
      <IsHidden>0</IsHidden>
      <FileName>/WebResources/simorc_SRCfontsfontawesome_webfontwoff2css5E7AA7E1-F193-E811-811B-3863BB35FF48</FileName>
    </WebResource>
    <WebResource>
      <WebResourceId>{e0404e18-f293-e811-811b-3863bb35ff48}</WebResourceId>
      <Name>simorc_/SRC/images/favicon.ico</Name>
      <DisplayName>SRC - Images/Favicon.ico</DisplayName>
      <WebResourceType>10</WebResourceType>
      <IntroducedVersion>0.4.13.8</IntroducedVersion>
      <IsEnabledForMobileClient>0</IsEnabledForMobileClient>
      <IsAvailableForMobileOffline>0</IsAvailableForMobileOffline>
      <DependencyXml>&lt;Dependencies&gt;&lt;Dependency componentType="WebResource"/&gt;&lt;/Dependencies&gt;</DependencyXml>
      <IsCustomizable>1</IsCustomizable>
      <CanBeDeleted>1</CanBeDeleted>
      <IsHidden>0</IsHidden>
      <FileName>/WebResources/simorc_SRCimagesfaviconicoE0404E18-F293-E811-811B-3863BB35FF48</FileName>
    </WebResource>
    <WebResource>
      <WebResourceId>{a99d532a-f293-e811-811b-3863bb35ff48}</WebResourceId>
      <Name>simorc_/SRC/images/logo16.png</Name>
      <DisplayName>SRC - Images/Logo 16</DisplayName>
      <WebResourceType>5</WebResourceType>
      <IntroducedVersion>0.4.13.8</IntroducedVersion>
      <IsEnabledForMobileClient>0</IsEnabledForMobileClient>
      <IsAvailableForMobileOffline>0</IsAvailableForMobileOffline>
      <DependencyXml>&lt;Dependencies&gt;&lt;Dependency componentType="WebResource"/&gt;&lt;/Dependencies&gt;</DependencyXml>
      <IsCustomizable>1</IsCustomizable>
      <CanBeDeleted>1</CanBeDeleted>
      <IsHidden>0</IsHidden>
      <FileName>/WebResources/simorc_SRCimageslogo16pngA99D532A-F293-E811-811B-3863BB35FF48</FileName>
    </WebResource>
    <WebResource>
      <WebResourceId>{dbea85b1-f393-e811-811b-3863bb35ff48}</WebResourceId>
      <Name>simorc_/SRC/images/logo32.png</Name>
      <DisplayName>SRC - Images/Logo 32</DisplayName>
      <WebResourceType>5</WebResourceType>
      <IntroducedVersion>0.4.13.8</IntroducedVersion>
      <IsEnabledForMobileClient>0</IsEnabledForMobileClient>
      <IsAvailableForMobileOffline>0</IsAvailableForMobileOffline>
      <DependencyXml>&lt;Dependencies&gt;&lt;Dependency componentType="WebResource"/&gt;&lt;/Dependencies&gt;</DependencyXml>
      <IsCustomizable>1</IsCustomizable>
      <CanBeDeleted>1</CanBeDeleted>
      <IsHidden>0</IsHidden>
      <FileName>/WebResources/simorc_SRCimageslogo32pngDBEA85B1-F393-E811-811B-3863BB35FF48</FileName>
    </WebResource>
    <WebResource>
      <WebResourceId>{fcea7bcf-f393-e811-811b-3863bb35ff48}</WebResourceId>
      <Name>simorc_/SRC/images/privileges/privilege_bunit.png</Name>
      <DisplayName>SRC - Images/Privileges/privilege_bunit.png</DisplayName>
      <WebResourceType>5</WebResourceType>
      <IntroducedVersion>0.4.13.8</IntroducedVersion>
      <IsEnabledForMobileClient>0</IsEnabledForMobileClient>
      <IsAvailableForMobileOffline>0</IsAvailableForMobileOffline>
      <DependencyXml>&lt;Dependencies&gt;&lt;Dependency componentType="WebResource"/&gt;&lt;/Dependencies&gt;</DependencyXml>
      <IsCustomizable>1</IsCustomizable>
      <CanBeDeleted>1</CanBeDeleted>
      <IsHidden>0</IsHidden>
      <FileName>/WebResources/simorc_SRCimagesprivilegesprivilege_bunitpngFCEA7BCF-F393-E811-811B-3863BB35FF48</FileName>
    </WebResource>
    <WebResource>
      <WebResourceId>{bb1c59ed-f393-e811-811b-3863bb35ff48}</WebResourceId>
      <Name>simorc_/SRC/images/privileges/privilege_child_bunit.png</Name>
      <DisplayName>SRC - Images/Privileges/privilege_child_bunit.png</DisplayName>
      <WebResourceType>5</WebResourceType>
      <IntroducedVersion>0.4.13.8</IntroducedVersion>
      <IsEnabledForMobileClient>0</IsEnabledForMobileClient>
      <IsAvailableForMobileOffline>0</IsAvailableForMobileOffline>
      <DependencyXml>&lt;Dependencies&gt;&lt;Dependency componentType="WebResource"/&gt;&lt;/Dependencies&gt;</DependencyXml>
      <IsCustomizable>1</IsCustomizable>
      <CanBeDeleted>1</CanBeDeleted>
      <IsHidden>0</IsHidden>
      <FileName>/WebResources/simorc_SRCimagesprivilegesprivilege_child_bunitpngBB1C59ED-F393-E811-811B-3863BB35FF48</FileName>
    </WebResource>
    <WebResource>
      <WebResourceId>{e2073b05-f493-e811-811b-3863bb35ff48}</WebResourceId>
      <Name>simorc_/SRC/images/privileges/privilege_empty.png</Name>
      <DisplayName>SRC - Images/Privileges/privilege_empty.png</DisplayName>
      <WebResourceType>5</WebResourceType>
      <IntroducedVersion>0.4.13.8</IntroducedVersion>
      <IsEnabledForMobileClient>0</IsEnabledForMobileClient>
      <IsAvailableForMobileOffline>0</IsAvailableForMobileOffline>
      <DependencyXml>&lt;Dependencies&gt;&lt;Dependency componentType="WebResource"/&gt;&lt;/Dependencies&gt;</DependencyXml>
      <IsCustomizable>1</IsCustomizable>
      <CanBeDeleted>1</CanBeDeleted>
      <IsHidden>0</IsHidden>
      <FileName>/WebResources/simorc_SRCimagesprivilegesprivilege_emptypngE2073B05-F493-E811-811B-3863BB35FF48</FileName>
    </WebResource>
    <WebResource>
      <WebResourceId>{7c8f761e-f493-e811-811b-3863bb35ff48}</WebResourceId>
      <Name>simorc_/SRC/images/privileges/privilege_organization.png</Name>
      <DisplayName>SRC - Images/Privileges/privilege_organization.png</DisplayName>
      <WebResourceType>5</WebResourceType>
      <IntroducedVersion>0.4.13.8</IntroducedVersion>
      <IsEnabledForMobileClient>0</IsEnabledForMobileClient>
      <IsAvailableForMobileOffline>0</IsAvailableForMobileOffline>
      <DependencyXml>&lt;Dependencies&gt;&lt;Dependency componentType="WebResource"/&gt;&lt;/Dependencies&gt;</DependencyXml>
      <IsCustomizable>1</IsCustomizable>
      <CanBeDeleted>1</CanBeDeleted>
      <IsHidden>0</IsHidden>
      <FileName>/WebResources/simorc_SRCimagesprivilegesprivilege_organizationpn7C8F761E-F493-E811-811B-3863BB35FF48</FileName>
    </WebResource>
    <WebResource>
      <WebResourceId>{d7d96130-f493-e811-811b-3863bb35ff48}</WebResourceId>
      <Name>simorc_/SRC/images/privileges/privilege_user.png</Name>
      <DisplayName>SRC - Images/Privileges/privilege_user.png</DisplayName>
      <WebResourceType>5</WebResourceType>
      <IntroducedVersion>0.4.13.8</IntroducedVersion>
      <IsEnabledForMobileClient>0</IsEnabledForMobileClient>
      <IsAvailableForMobileOffline>0</IsAvailableForMobileOffline>
      <DependencyXml>&lt;Dependencies&gt;&lt;Dependency componentType="WebResource"/&gt;&lt;/Dependencies&gt;</DependencyXml>
      <IsCustomizable>1</IsCustomizable>
      <CanBeDeleted>1</CanBeDeleted>
      <IsHidden>0</IsHidden>
      <FileName>/WebResources/simorc_SRCimagesprivilegesprivilege_userpngD7D96130-F493-E811-811B-3863BB35FF48</FileName>
    </WebResource>
    <WebResource>
      <WebResourceId>{ed6bb56e-0294-e811-811b-3863bb35ff48}</WebResourceId>
      <Name>simorc_/SRC/styles/animate.min.css</Name>
      <DisplayName>SRC - Styles/animate.min.css</DisplayName>
      <WebResourceType>2</WebResourceType>
      <IntroducedVersion>0.4.13.8</IntroducedVersion>
      <IsEnabledForMobileClient>0</IsEnabledForMobileClient>
      <IsAvailableForMobileOffline>0</IsAvailableForMobileOffline>
      <DependencyXml>&lt;Dependencies&gt;&lt;Dependency componentType="WebResource"/&gt;&lt;/Dependencies&gt;</DependencyXml>
      <IsCustomizable>1</IsCustomizable>
      <CanBeDeleted>1</CanBeDeleted>
      <IsHidden>0</IsHidden>
      <FileName>/WebResources/simorc_SRCstylesanimatemincssED6BB56E-0294-E811-811B-3863BB35FF48</FileName>
    </WebResource>
    <WebResource>
      <WebResourceId>{56c5a586-0294-e811-811b-3863bb35ff48}</WebResourceId>
      <Name>simorc_/SRC/styles/custom.css</Name>
      <DisplayName>SRC - Styles/custom.css</DisplayName>
      <WebResourceType>2</WebResourceType>
      <IntroducedVersion>0.4.13.8</IntroducedVersion>
      <IsEnabledForMobileClient>0</IsEnabledForMobileClient>
      <IsAvailableForMobileOffline>0</IsAvailableForMobileOffline>
      <DependencyXml>&lt;Dependencies&gt;&lt;Dependency componentType="WebResource"/&gt;&lt;/Dependencies&gt;</DependencyXml>
      <IsCustomizable>1</IsCustomizable>
      <CanBeDeleted>1</CanBeDeleted>
      <IsHidden>0</IsHidden>
      <FileName>/WebResources/simorc_SRCstylescustomcss56C5A586-0294-E811-811B-3863BB35FF48</FileName>
    </WebResource>
    <WebResource>
      <WebResourceId>{95d39398-0294-e811-811b-3863bb35ff48}</WebResourceId>
      <Name>simorc_/SRC/styles/font_awesome.min.css</Name>
      <DisplayName>SRC - Styles/font_awesome.min.css</DisplayName>
      <WebResourceType>2</WebResourceType>
      <IntroducedVersion>0.4.13.8</IntroducedVersion>
      <IsEnabledForMobileClient>0</IsEnabledForMobileClient>
      <IsAvailableForMobileOffline>0</IsAvailableForMobileOffline>
      <DependencyXml>&lt;Dependencies&gt;&lt;Dependency componentType="WebResource"/&gt;&lt;/Dependencies&gt;</DependencyXml>
      <IsCustomizable>1</IsCustomizable>
      <CanBeDeleted>1</CanBeDeleted>
      <IsHidden>0</IsHidden>
      <FileName>/WebResources/simorc_SRCstylesfont_awesomemincss95D39398-0294-E811-811B-3863BB35FF48</FileName>
    </WebResource>
    <WebResource>
      <WebResourceId>{54987cb6-0294-e811-811b-3863bb35ff48}</WebResourceId>
      <Name>simorc_/SRC/styles/jquery.loading.min.css</Name>
      <DisplayName>SRC - Styles/jquery.loading.min.css</DisplayName>
      <WebResourceType>2</WebResourceType>
      <IntroducedVersion>0.4.13.8</IntroducedVersion>
      <IsEnabledForMobileClient>0</IsEnabledForMobileClient>
      <IsAvailableForMobileOffline>0</IsAvailableForMobileOffline>
      <DependencyXml>&lt;Dependencies&gt;&lt;Dependency componentType="WebResource"/&gt;&lt;/Dependencies&gt;</DependencyXml>
      <IsCustomizable>1</IsCustomizable>
      <CanBeDeleted>1</CanBeDeleted>
      <IsHidden>0</IsHidden>
      <FileName>/WebResources/simorc_SRCstylesjqueryloadingmincss54987CB6-0294-E811-811B-3863BB35FF48</FileName>
    </WebResource>
    <WebResource>
      <WebResourceId>{d2f665ce-0294-e811-811b-3863bb35ff48}</WebResourceId>
      <Name>simorc_/SRC/styles/metro_bootstrap.min.css</Name>
      <DisplayName>SRC - Styles/metro_bootstrap.min.css</DisplayName>
      <WebResourceType>2</WebResourceType>
      <IntroducedVersion>0.4.13.8</IntroducedVersion>
      <IsEnabledForMobileClient>0</IsEnabledForMobileClient>
      <IsAvailableForMobileOffline>0</IsAvailableForMobileOffline>
      <DependencyXml>&lt;Dependencies&gt;&lt;Dependency componentType="WebResource"/&gt;&lt;/Dependencies&gt;</DependencyXml>
      <IsCustomizable>1</IsCustomizable>
      <CanBeDeleted>1</CanBeDeleted>
      <IsHidden>0</IsHidden>
      <FileName>/WebResources/simorc_SRCstylesmetro_bootstrapmincssD2F665CE-0294-E811-811B-3863BB35FF48</FileName>
    </WebResource>
    <WebResource>
      <WebResourceId>{6b3455e6-0294-e811-811b-3863bb35ff48}</WebResourceId>
      <Name>simorc_/SRC/styles/securityrolescheck.css</Name>
      <DisplayName>SRC - Styles/securityrolescheck.css</DisplayName>
      <WebResourceType>2</WebResourceType>
      <IntroducedVersion>0.4.13.8</IntroducedVersion>
      <IsEnabledForMobileClient>0</IsEnabledForMobileClient>
      <IsAvailableForMobileOffline>0</IsAvailableForMobileOffline>
      <DependencyXml>&lt;Dependencies&gt;&lt;Dependency componentType="WebResource"/&gt;&lt;/Dependencies&gt;</DependencyXml>
      <IsCustomizable>1</IsCustomizable>
      <CanBeDeleted>1</CanBeDeleted>
      <IsHidden>0</IsHidden>
      <FileName>/WebResources/simorc_SRCstylessecurityrolescheckcss6B3455E6-0294-E811-811B-3863BB35FF48</FileName>
    </WebResource>
    <WebResource>
      <WebResourceId>{4c533604-0394-e811-811b-3863bb35ff48}</WebResourceId>
      <Name>simorc_/SRC/styles/securityrolescheck_print.css</Name>
      <DisplayName>SRC - Styles/securityrolescheck_print.css</DisplayName>
      <WebResourceType>2</WebResourceType>
      <IntroducedVersion>0.4.13.8</IntroducedVersion>
      <IsEnabledForMobileClient>0</IsEnabledForMobileClient>
      <IsAvailableForMobileOffline>0</IsAvailableForMobileOffline>
      <DependencyXml>&lt;Dependencies&gt;&lt;Dependency componentType="WebResource"/&gt;&lt;/Dependencies&gt;</DependencyXml>
      <IsCustomizable>1</IsCustomizable>
      <CanBeDeleted>1</CanBeDeleted>
      <IsHidden>0</IsHidden>
      <FileName>/WebResources/simorc_SRCstylessecurityrolescheck_printcss4C533604-0394-E811-811B-3863BB35FF48</FileName>
    </WebResource>
    <WebResource>
      <WebResourceId>{74ca211c-0394-e811-811b-3863bb35ff48}</WebResourceId>
      <Name>simorc_/SRC/styles/tooltipster.bundle.min.css</Name>
      <DisplayName>SRC - Styles/tooltipster.bundle.min.css</DisplayName>
      <WebResourceType>2</WebResourceType>
      <IntroducedVersion>0.4.13.8</IntroducedVersion>
      <IsEnabledForMobileClient>0</IsEnabledForMobileClient>
      <IsAvailableForMobileOffline>0</IsAvailableForMobileOffline>
      <DependencyXml>&lt;Dependencies&gt;&lt;Dependency componentType="WebResource"/&gt;&lt;/Dependencies&gt;</DependencyXml>
      <IsCustomizable>1</IsCustomizable>
      <CanBeDeleted>1</CanBeDeleted>
      <IsHidden>0</IsHidden>
      <FileName>/WebResources/simorc_SRCstylestooltipsterbundlemincss74CA211C-0394-E811-811B-3863BB35FF48</FileName>
    </WebResource>
    <WebResource>
      <WebResourceId>{b9f00d2e-0394-e811-811b-3863bb35ff48}</WebResourceId>
      <Name>simorc_/SRC/styles/tooltipster_sideTip_light.min.css</Name>
      <DisplayName>SRC - Styles/tooltipster_sideTip_light.min.css</DisplayName>
      <WebResourceType>2</WebResourceType>
      <IntroducedVersion>0.4.13.8</IntroducedVersion>
      <IsEnabledForMobileClient>0</IsEnabledForMobileClient>
      <IsAvailableForMobileOffline>0</IsAvailableForMobileOffline>
      <DependencyXml>&lt;Dependencies&gt;&lt;Dependency componentType="WebResource"/&gt;&lt;/Dependencies&gt;</DependencyXml>
      <IsCustomizable>1</IsCustomizable>
      <CanBeDeleted>1</CanBeDeleted>
      <IsHidden>0</IsHidden>
      <FileName>/WebResources/simorc_SRCstylestooltipster_sideTip_lightmincssB9F00D2E-0394-E811-811B-3863BB35FF48</FileName>
    </WebResource>
    <WebResource>
      <WebResourceId>{17ddf357-0394-e811-811b-3863bb35ff48}</WebResourceId>
      <Name>simorc_/SRC/json/Privileges_Mapping.js</Name>
      <DisplayName>SRC - JSON/Privileges_Mapping.js</DisplayName>
      <WebResourceType>3</WebResourceType>
      <IntroducedVersion>0.4.13.8</IntroducedVersion>
      <IsEnabledForMobileClient>0</IsEnabledForMobileClient>
      <IsAvailableForMobileOffline>0</IsAvailableForMobileOffline>
      <DependencyXml>&lt;Dependencies&gt;&lt;Dependency componentType="WebResource"/&gt;&lt;/Dependencies&gt;</DependencyXml>
      <IsCustomizable>1</IsCustomizable>
      <CanBeDeleted>1</CanBeDeleted>
      <IsHidden>0</IsHidden>
      <FileName>/WebResources/simorc_SRCjsonPrivileges_Mappingjs17DDF357-0394-E811-811B-3863BB35FF48</FileName>
    </WebResource>
    <WebResource>
      <WebResourceId>{7fc3dc75-0394-e811-811b-3863bb35ff48}</WebResourceId>
      <Name>simorc_/SRC/scripts/bootstrap.min.js</Name>
      <DisplayName>SRC - Scripts/bootstrap.min.js</DisplayName>
      <WebResourceType>3</WebResourceType>
      <IntroducedVersion>0.4.13.8</IntroducedVersion>
      <IsEnabledForMobileClient>0</IsEnabledForMobileClient>
      <IsAvailableForMobileOffline>0</IsAvailableForMobileOffline>
      <DependencyXml>&lt;Dependencies&gt;&lt;Dependency componentType="WebResource"/&gt;&lt;/Dependencies&gt;</DependencyXml>
      <IsCustomizable>1</IsCustomizable>
      <CanBeDeleted>1</CanBeDeleted>
      <IsHidden>0</IsHidden>
      <FileName>/WebResources/simorc_SRCscriptsbootstrapminjs7FC3DC75-0394-E811-811B-3863BB35FF48</FileName>
    </WebResource>
    <WebResource>
      <WebResourceId>{8c2b0288-0394-e811-811b-3863bb35ff48}</WebResourceId>
      <Name>simorc_/SRC/scripts/bootstrap_notify.min.js</Name>
      <DisplayName>SRC - Scripts/bootstrap_nofity.min.js</DisplayName>
      <WebResourceType>3</WebResourceType>
      <IntroducedVersion>0.4.13.8</IntroducedVersion>
      <IsEnabledForMobileClient>0</IsEnabledForMobileClient>
      <IsAvailableForMobileOffline>0</IsAvailableForMobileOffline>
      <DependencyXml>&lt;Dependencies&gt;&lt;Dependency componentType="WebResource"/&gt;&lt;/Dependencies&gt;</DependencyXml>
      <IsCustomizable>1</IsCustomizable>
      <CanBeDeleted>1</CanBeDeleted>
      <IsHidden>0</IsHidden>
      <FileName>/WebResources/simorc_SRCscriptsbootstrap_notifyminjs8C2B0288-0394-E811-811B-3863BB35FF48</FileName>
    </WebResource>
    <WebResource>
      <WebResourceId>{ed14e2e1-0394-e811-811b-3863bb35ff48}</WebResourceId>
      <Name>simorc_/SRC/scripts/CRMHelper_Data.js</Name>
      <DisplayName>SRC- Scripts/CRMHelper_Data.js</DisplayName>
      <WebResourceType>3</WebResourceType>
      <IntroducedVersion>0.4.13.8</IntroducedVersion>
      <IsEnabledForMobileClient>0</IsEnabledForMobileClient>
      <IsAvailableForMobileOffline>0</IsAvailableForMobileOffline>
      <DependencyXml>&lt;Dependencies&gt;&lt;Dependency componentType="WebResource"/&gt;&lt;/Dependencies&gt;</DependencyXml>
      <IsCustomizable>1</IsCustomizable>
      <CanBeDeleted>1</CanBeDeleted>
      <IsHidden>0</IsHidden>
      <FileName>/WebResources/simorc_SRCscriptsCRMHelper_DatajsED14E2E1-0394-E811-811B-3863BB35FF48</FileName>
    </WebResource>
    <WebResource>
      <WebResourceId>{e5c587f9-0394-e811-811b-3863bb35ff48}</WebResourceId>
      <Name>simorc_/SRC/scripts/CRMHelper_Error.js</Name>
      <DisplayName>SRC - Scripts/CRMHelper_Error.js</DisplayName>
      <WebResourceType>3</WebResourceType>
      <IntroducedVersion>0.4.13.8</IntroducedVersion>
      <IsEnabledForMobileClient>0</IsEnabledForMobileClient>
      <IsAvailableForMobileOffline>0</IsAvailableForMobileOffline>
      <DependencyXml>&lt;Dependencies&gt;&lt;Dependency componentType="WebResource"/&gt;&lt;/Dependencies&gt;</DependencyXml>
      <IsCustomizable>1</IsCustomizable>
      <CanBeDeleted>1</CanBeDeleted>
      <IsHidden>0</IsHidden>
      <FileName>/WebResources/simorc_SRCscriptsCRMHelper_ErrorjsE5C587F9-0394-E811-811B-3863BB35FF48</FileName>
    </WebResource>
    <WebResource>
      <WebResourceId>{bada7e12-0494-e811-811b-3863bb35ff48}</WebResourceId>
      <Name>simorc_/SRC/scripts/custom.js</Name>
      <DisplayName>SRC - Scripts/custom.js</DisplayName>
      <WebResourceType>3</WebResourceType>
      <IntroducedVersion>0.4.13.8</IntroducedVersion>
      <IsEnabledForMobileClient>0</IsEnabledForMobileClient>
      <IsAvailableForMobileOffline>0</IsAvailableForMobileOffline>
      <DependencyXml>&lt;Dependencies&gt;&lt;Dependency componentType="WebResource"/&gt;&lt;/Dependencies&gt;</DependencyXml>
      <IsCustomizable>1</IsCustomizable>
      <CanBeDeleted>1</CanBeDeleted>
      <IsHidden>0</IsHidden>
      <FileName>/WebResources/simorc_SRCscriptscustomjsBADA7E12-0494-E811-811B-3863BB35FF48</FileName>
    </WebResource>
    <WebResource>
      <WebResourceId>{8e2c042b-0494-e811-811b-3863bb35ff48}</WebResourceId>
      <Name>simorc_/SRC/scripts/jquery.loading.min.js</Name>
      <DisplayName>SRC - Scripts/jquery.loading.min.js</DisplayName>
      <WebResourceType>3</WebResourceType>
      <IntroducedVersion>0.4.13.8</IntroducedVersion>
      <IsEnabledForMobileClient>0</IsEnabledForMobileClient>
      <IsAvailableForMobileOffline>0</IsAvailableForMobileOffline>
      <DependencyXml>&lt;Dependencies&gt;&lt;Dependency componentType="WebResource"/&gt;&lt;/Dependencies&gt;</DependencyXml>
      <IsCustomizable>1</IsCustomizable>
      <CanBeDeleted>1</CanBeDeleted>
      <IsHidden>0</IsHidden>
      <FileName>/WebResources/simorc_SRCscriptsjqueryloadingminjs8E2C042B-0494-E811-811B-3863BB35FF48</FileName>
    </WebResource>
    <WebResource>
      <WebResourceId>{db80c241-0494-e811-811b-3863bb35ff48}</WebResourceId>
      <Name>simorc_/SRC/scripts/jquery.stickytableheaders.min.js</Name>
      <DisplayName>SRC - Scripts/jquery.stickytableheaders.min.js</DisplayName>
      <WebResourceType>3</WebResourceType>
      <IntroducedVersion>0.4.13.8</IntroducedVersion>
      <IsEnabledForMobileClient>0</IsEnabledForMobileClient>
      <IsAvailableForMobileOffline>0</IsAvailableForMobileOffline>
      <DependencyXml>&lt;Dependencies&gt;&lt;Dependency componentType="WebResource"/&gt;&lt;/Dependencies&gt;</DependencyXml>
      <IsCustomizable>1</IsCustomizable>
      <CanBeDeleted>1</CanBeDeleted>
      <IsHidden>0</IsHidden>
      <FileName>/WebResources/simorc_SRCscriptsjquerystickytableheadersminjsDB80C241-0494-E811-811B-3863BB35FF48</FileName>
    </WebResource>
    <WebResource>
      <WebResourceId>{e9ca4656-0494-e811-811b-3863bb35ff48}</WebResourceId>
      <Name>simorc_/SRC/scripts/jquery_3.3.1.min.js</Name>
      <DisplayName>SRC - Scripts/jquery_3.3.1.min.js</DisplayName>
      <WebResourceType>3</WebResourceType>
      <IntroducedVersion>0.4.13.8</IntroducedVersion>
      <IsEnabledForMobileClient>0</IsEnabledForMobileClient>
      <IsAvailableForMobileOffline>0</IsAvailableForMobileOffline>
      <DependencyXml>&lt;Dependencies&gt;&lt;Dependency componentType="WebResource"/&gt;&lt;/Dependencies&gt;</DependencyXml>
      <IsCustomizable>1</IsCustomizable>
      <CanBeDeleted>1</CanBeDeleted>
      <IsHidden>0</IsHidden>
      <FileName>/WebResources/simorc_SRCscriptsjquery_331minjsE9CA4656-0494-E811-811B-3863BB35FF48</FileName>
    </WebResource>
    <WebResource>
      <WebResourceId>{4950936c-0494-e811-811b-3863bb35ff48}</WebResourceId>
      <Name>simorc_/SRC/scripts/securityrolescheck.js</Name>
      <DisplayName>SRC - Scripts/securityrolescheck.js</DisplayName>
      <WebResourceType>3</WebResourceType>
      <IntroducedVersion>0.4.13.8</IntroducedVersion>
      <IsEnabledForMobileClient>0</IsEnabledForMobileClient>
      <IsAvailableForMobileOffline>0</IsAvailableForMobileOffline>
      <DependencyXml>&lt;Dependencies&gt;&lt;Dependency componentType="WebResource"/&gt;&lt;/Dependencies&gt;</DependencyXml>
      <IsCustomizable>1</IsCustomizable>
      <CanBeDeleted>1</CanBeDeleted>
      <IsHidden>0</IsHidden>
      <FileName>/WebResources/simorc_SRCscriptssecurityrolescheckjs4950936C-0494-E811-811B-3863BB35FF48</FileName>
    </WebResource>
    <WebResource>
      <WebResourceId>{be6bda7e-0494-e811-811b-3863bb35ff48}</WebResourceId>
      <Name>simorc_/SRC/scripts/tooltipster.bundle.min.js</Name>
      <DisplayName>SRC - Scripts/tooltipster.bundle.min.js</DisplayName>
      <WebResourceType>3</WebResourceType>
      <IntroducedVersion>0.4.13.8</IntroducedVersion>
      <IsEnabledForMobileClient>0</IsEnabledForMobileClient>
      <IsAvailableForMobileOffline>0</IsAvailableForMobileOffline>
      <DependencyXml>&lt;Dependencies&gt;&lt;Dependency componentType="WebResource"/&gt;&lt;/Dependencies&gt;</DependencyXml>
      <IsCustomizable>1</IsCustomizable>
      <CanBeDeleted>1</CanBeDeleted>
      <IsHidden>0</IsHidden>
      <FileName>/WebResources/simorc_SRCscriptstooltipsterbundleminjsBE6BDA7E-0494-E811-811B-3863BB35FF48</FileName>
    </WebResource>
  </WebResources>
  <Languages>
    <Language>1033</Language>
  </Languages>
</ImportExportXml>