<ImportExportXml version="8.2.0003.0006" SolutionPackageVersion="8.2" languagecode="1033" generatedBy="CrmLive" xmlns:xsi="http://www.w3.org/2001/XMLSchema-instance">
  <SolutionManifest>
    <UniqueName>SecurityRolesChecker</UniqueName>
    <LocalizedNames>
      <LocalizedName description="SimorC - Security Roles Checker" languagecode="1033" />
    </LocalizedNames>
    <Descriptions>
      <Description description="Security Roles Checker for Dynamics CRM 2016 and Dynamics 365.&#xA;No warranty expressed or implied - use at your own risk!" languagecode="1033" />
    </Descriptions>
    <Version>0.1.14.10</Version>
    <Managed>1</Managed>
    <Publisher>
      <UniqueName>rafaelsimor</UniqueName>
      <LocalizedNames>
        <LocalizedName description="Rafael Simor" languagecode="1033" />
      </LocalizedNames>
      <Descriptions />
      <EMailAddress>rafael@simorc.com.br</EMailAddress>
      <SupportingWebsiteUrl>http://simorc.com.br</SupportingWebsiteUrl>
      <CustomizationPrefix>simorc</CustomizationPrefix>
      <CustomizationOptionValuePrefix>72057</CustomizationOptionValuePrefix>
      <Addresses>
        <Address>
          <AddressNumber>1</AddressNumber>
          <AddressTypeCode>1</AddressTypeCode>
          <City xsi:nil="true"></City>
          <County xsi:nil="true"></County>
          <Country>Ireland</Country>
          <Fax xsi:nil="true"></Fax>
          <FreightTermsCode xsi:nil="true"></FreightTermsCode>
          <ImportSequenceNumber xsi:nil="true"></ImportSequenceNumber>
          <Latitude xsi:nil="true"></Latitude>
          <Line1 xsi:nil="true"></Line1>
          <Line2 xsi:nil="true"></Line2>
          <Line3 xsi:nil="true"></Line3>
          <Longitude xsi:nil="true"></Longitude>
          <Name xsi:nil="true"></Name>
          <PostalCode xsi:nil="true"></PostalCode>
          <PostOfficeBox xsi:nil="true"></PostOfficeBox>
          <PrimaryContactName xsi:nil="true"></PrimaryContactName>
          <ShippingMethodCode>1</ShippingMethodCode>
          <StateOrProvince xsi:nil="true"></StateOrProvince>
          <Telephone1 xsi:nil="true"></Telephone1>
          <Telephone2 xsi:nil="true"></Telephone2>
          <Telephone3 xsi:nil="true"></Telephone3>
          <TimeZoneRuleVersionNumber xsi:nil="true"></TimeZoneRuleVersionNumber>
          <UPSZone xsi:nil="true"></UPSZone>
          <UTCOffset xsi:nil="true"></UTCOffset>
          <UTCConversionTimeZoneCode xsi:nil="true"></UTCConversionTimeZoneCode>
        </Address>
        <Address>
          <AddressNumber>2</AddressNumber>
          <AddressTypeCode>1</AddressTypeCode>
          <City xsi:nil="true"></City>
          <County xsi:nil="true"></County>
          <Country xsi:nil="true"></Country>
          <Fax xsi:nil="true"></Fax>
          <FreightTermsCode xsi:nil="true"></FreightTermsCode>
          <ImportSequenceNumber xsi:nil="true"></ImportSequenceNumber>
          <Latitude xsi:nil="true"></Latitude>
          <Line1 xsi:nil="true"></Line1>
          <Line2 xsi:nil="true"></Line2>
          <Line3 xsi:nil="true"></Line3>
          <Longitude xsi:nil="true"></Longitude>
          <Name xsi:nil="true"></Name>
          <PostalCode xsi:nil="true"></PostalCode>
          <PostOfficeBox xsi:nil="true"></PostOfficeBox>
          <PrimaryContactName xsi:nil="true"></PrimaryContactName>
          <ShippingMethodCode>1</ShippingMethodCode>
          <StateOrProvince xsi:nil="true"></StateOrProvince>
          <Telephone1 xsi:nil="true"></Telephone1>
          <Telephone2 xsi:nil="true"></Telephone2>
          <Telephone3 xsi:nil="true"></Telephone3>
          <TimeZoneRuleVersionNumber xsi:nil="true"></TimeZoneRuleVersionNumber>
          <UPSZone xsi:nil="true"></UPSZone>
          <UTCOffset xsi:nil="true"></UTCOffset>
          <UTCConversionTimeZoneCode xsi:nil="true"></UTCConversionTimeZoneCode>
        </Address>
      </Addresses>
    </Publisher>
    <RootComponents>
      <RootComponent type="50" schemaName=":RibbonDiffXml" behavior="0" />
      <RootComponent type="61" schemaName="simorc_/SRC/fonts/FontAwesome.otf.css" behavior="0" />
      <RootComponent type="61" schemaName="simorc_/SRC/fonts/fontawesome_webfont.eot.css" behavior="0" />
      <RootComponent type="61" schemaName="simorc_/SRC/fonts/fontawesome_webfont.svg.css" behavior="0" />
      <RootComponent type="61" schemaName="simorc_/SRC/fonts/fontawesome_webfont.ttf.css" behavior="0" />
      <RootComponent type="61" schemaName="simorc_/SRC/fonts/fontawesome_webfont.woff.css" behavior="0" />
      <RootComponent type="61" schemaName="simorc_/SRC/fonts/fontawesome_webfont.woff2.css" behavior="0" />
      <RootComponent type="61" schemaName="simorc_/SRC/html/SecurityRolesCheck.htm" behavior="0" />
      <RootComponent type="61" schemaName="simorc_/SRC/images/favicon.ico" behavior="0" />
      <RootComponent type="61" schemaName="simorc_/SRC/images/logo16.png" behavior="0" />
      <RootComponent type="61" schemaName="simorc_/SRC/images/logo32.png" behavior="0" />
      <RootComponent type="61" schemaName="simorc_/SRC/images/privileges/privilege_bunit.png" behavior="0" />
      <RootComponent type="61" schemaName="simorc_/SRC/images/privileges/privilege_child_bunit.png" behavior="0" />
      <RootComponent type="61" schemaName="simorc_/SRC/images/privileges/privilege_empty.png" behavior="0" />
      <RootComponent type="61" schemaName="simorc_/SRC/images/privileges/privilege_organization.png" behavior="0" />
      <RootComponent type="61" schemaName="simorc_/SRC/images/privileges/privilege_user.png" behavior="0" />
      <RootComponent type="61" schemaName="simorc_/SRC/json/Privileges_Mapping.js" behavior="0" />
      <RootComponent type="61" schemaName="simorc_/SRC/scripts/bootstrap.min.js" behavior="0" />
      <RootComponent type="61" schemaName="simorc_/SRC/scripts/bootstrap_notify.min.js" behavior="0" />
      <RootComponent type="61" schemaName="simorc_/SRC/scripts/CRMHelper_Data.js" behavior="0" />
      <RootComponent type="61" schemaName="simorc_/SRC/scripts/CRMHelper_Error.js" behavior="0" />
      <RootComponent type="61" schemaName="simorc_/SRC/scripts/custom.js" behavior="0" />
      <RootComponent type="61" schemaName="simorc_/SRC/scripts/jquery.loading.min.js" behavior="0" />
      <RootComponent type="61" schemaName="simorc_/SRC/scripts/jquery.stickytableheaders.min.js" behavior="0" />
      <RootComponent type="61" schemaName="simorc_/SRC/scripts/jquery_3.3.1.min.js" behavior="0" />
      <RootComponent type="61" schemaName="simorc_/SRC/scripts/securityrolescheck.js" behavior="0" />
      <RootComponent type="61" schemaName="simorc_/SRC/scripts/tooltipster.bundle.min.js" behavior="0" />
      <RootComponent type="61" schemaName="simorc_/SRC/styles/animate.min.css" behavior="0" />
      <RootComponent type="61" schemaName="simorc_/SRC/styles/custom.css" behavior="0" />
      <RootComponent type="61" schemaName="simorc_/SRC/styles/font_awesome.min.css" behavior="0" />
      <RootComponent type="61" schemaName="simorc_/SRC/styles/jquery.loading.min.css" behavior="0" />
      <RootComponent type="61" schemaName="simorc_/SRC/styles/metro_bootstrap.min.css" behavior="0" />
      <RootComponent type="61" schemaName="simorc_/SRC/styles/securityrolescheck.css" behavior="0" />
      <RootComponent type="61" schemaName="simorc_/SRC/styles/securityrolescheck_print.css" behavior="0" />
      <RootComponent type="61" schemaName="simorc_/SRC/styles/tooltipster.bundle.min.css" behavior="0" />
      <RootComponent type="61" schemaName="simorc_/SRC/styles/tooltipster_sideTip_light.min.css" behavior="0" />
    </RootComponents>
    <MissingDependencies />
  </SolutionManifest>
</ImportExportXml>